<gendarme>
	<ruleset name="default">
		<rules include="*" from="build/Gendarme.Rules.Boo.dll" />

		<rules from="Gendarme.Rules.Performance.dll"
			include="CompareWithEmptyStringEfficientlyRule
			| UseTypesEmptyRule
			| ImplementEqualsTypeRule
			| CompareWithEmptyStringEfficientlyRule
			| AvoidUnsealedUninheritedInternalTypeRule
			| AvoidUnneededFieldInitializationRule
			| AvoidRepetitiveCastsRule
			| AvoidUnneededUnboxingRule
			| UseStringEmptyRule
			| IDisposableWithDestructorWithoutSuppressFinalizeRule" />

		<rules from="Gendarme.Rules.Design.dll"
			include="DoNotDeclareVirtualMethodsInSealedTypeRule
			| DontDeclareProtectedFieldsInSealedClassRule
			| EnsureSymmetryForOverloadedOperatorsRule
			| MissingAttributeUsageOnCustomAttributeRule
			| TypesShouldBeInsideNamespacesRule" />

		<rules from="Gendarme.Rules.Maintainability.dll"
			include="AvoidComplexMethodsRule
			| PreferStringIsNullOrEmptyRule" />

		<rules from="Gendarme.Rules.Correctness.dll"
			include="ProvideCorrectArgumentsToFormattingMethodsRule
			| ProvideCorrectRegexPatternRule" />

		<rules include="*" from="Gendarme.Rules.Concurrency.dll" />

		<rules include="*" from="Gendarme.Rules.BadPractice.dll"
			exclude="DoNotForgetNotImplementedMethodsRule
			| AvoidCallingProblematicMethodsRule"/>

	</ruleset>
	<ruleset name="boo">
		<rules include="*" from="build/Gendarme.Rules.Boo.dll"/>
	</ruleset>
</gendarme>

